question,answer,hop_count,vertices,edges
"How does a deficiency in CYP11A1 contribute to the development of focal-onset seizures in patients with congenital adrenal insufficiency and 46, XY sex reversal?","CYP11A1 deficiency disrupts steroidogenesis, leading to inadequate production of adrenal hormones, which can result in electrolyte imbalances and metabolic disturbances that may trigger focal-onset seizures. Additionally, the disruption in hormonal regulation can affect neuronal excitability and contribute to seizure susceptibility.",3,"[{""name"": ""Congenital adrenal insuffiency with 46, XY sex reversal OR 46,XY disorder of sex development-adrenal insufficiency due to CYP11A1 deficiency"", ""node_index"": 28226, ""type"": ""Disease""}, {""name"": ""CYP11A1"", ""node_index"": 9563, ""type"": ""GeneProtein""}, {""name"": ""Focal-onset seizure"", ""node_index"": 23108, ""type"": ""EffectPhenotype""}, {""name"": ""APOE"", ""node_index"": 3879, ""type"": ""GeneProtein""}]","[{""relation"": ""DISEASE_PROTEIN"", ""display_relation"": ""associated with""}, {""relation"": ""PHENOTYPE_PROTEIN"", ""display_relation"": ""associated with""}, {""relation"": ""PHENOTYPE_PROTEIN"", ""display_relation"": ""associated with""}]"
"How does the classification of mucin-producing carcinoma relate to fallopian tube adenocarcinoma, and what implications does this have for prognosis and treatment?","Mucin-producing carcinoma is a broader category that includes mucinous adenocarcinoma, which further encompasses fallopian tube mucinous adenocarcinoma. The classification indicates that fallopian tube adenocarcinoma may exhibit similar histopathological features and treatment responses as other mucinous adenocarcinomas, but prognosis can vary depending on the extent of disease and specific molecular characteristics.",3,"[{""name"": ""mucin-producing carcinoma"", ""node_index"": 37648, ""type"": ""Disease""}, {""name"": ""mucinous adenocarcinoma"", ""node_index"": 36797, ""type"": ""Disease""}, {""name"": ""fallopian tube mucinous adenocarcinoma"", ""node_index"": 95983, ""type"": ""Disease""}, {""name"": ""fallopian tube adenocarcinoma"", ""node_index"": 36819, ""type"": ""Disease""}]","[{""relation"": ""DISEASE_DISEASE"", ""display_relation"": ""parent-child""}, {""relation"": ""DISEASE_DISEASE"", ""display_relation"": ""parent-child""}, {""relation"": ""DISEASE_DISEASE"", ""display_relation"": ""parent-child""}]"
"What is the genetic basis for the thrombocytopenia observed in patients with Bernard-Soulier syndrome, and which gene is primarily implicated in this condition?","Bernard-Soulier syndrome is caused by mutations in the GP9 gene, which encodes a protein essential for platelet adhesion. This defect leads to impaired platelet function and results in thrombocytopenia.",3,"[{""name"": ""Bernard-Soulier syndrome"", ""node_index"": 30957, ""type"": ""Disease""}, {""name"": ""GP9"", ""node_index"": 11741, ""type"": ""GeneProtein""}, {""name"": ""Thrombocytopenia"", ""node_index"": 22934, ""type"": ""EffectPhenotype""}, {""name"": ""SPARC"", ""node_index"": 9714, ""type"": ""GeneProtein""}]","[{""relation"": ""DISEASE_PROTEIN"", ""display_relation"": ""associated with""}, {""relation"": ""PHENOTYPE_PROTEIN"", ""display_relation"": ""associated with""}, {""relation"": ""PHENOTYPE_PROTEIN"", ""display_relation"": ""associated with""}]"
How does a mutation in the NSD1 gene contribute to the phenotype of intrauterine growth retardation in patients with Beckwith-Wiedemann syndrome?,"Mutations in the NSD1 gene disrupt normal regulation of the IGF2 gene, leading to abnormal overexpression of IGF2, which is implicated in promoting fetal growth. This dysregulation can result in intrauterine growth retardation as the growth signals are altered.",3,"[{""name"": ""Beckwith-Wiedemann syndrome due to NSD1 mutation"", ""node_index"": 98136, ""type"": ""Disease""}, {""name"": ""Beckwith-Wiedemann syndrome"", ""node_index"": 28470, ""type"": ""Disease""}, {""name"": ""IGF2"", ""node_index"": 4550, ""type"": ""GeneProtein""}, {""name"": ""Intrauterine growth retardation"", ""node_index"": 24608, ""type"": ""EffectPhenotype""}]","[{""relation"": ""DISEASE_DISEASE"", ""display_relation"": ""parent-child""}, {""relation"": ""DISEASE_PROTEIN"", ""display_relation"": ""associated with""}, {""relation"": ""PHENOTYPE_PROTEIN"", ""display_relation"": ""associated with""}]"
"Why might a clinician consider prescribing Bumetanide for a patient with nephrocalcinosis, particularly in the context of managing hypertension?","Bumetanide is a loop diuretic that can be used off-label to manage fluid overload in patients with nephrocalcinosis, which may occur secondary to hypertension. Effective management of hypertension can help reduce the risk of further renal complications, making Bumetanide a therapeutic option in this context.",3,"[{""name"": ""Pargyline"", ""node_index"": 19223, ""type"": ""Drug""}, {""name"": ""hypertension"", ""node_index"": 36035, ""type"": ""Disease""}, {""name"": ""Bumetanide"", ""node_index"": 14668, ""type"": ""Drug""}, {""name"": ""nephrocalcinosis"", ""node_index"": 38682, ""type"": ""Disease""}]","[{""relation"": ""INDICATION"", ""display_relation"": ""indication""}, {""relation"": ""OFF_LABEL_USE"", ""display_relation"": ""off-label use""}, {""relation"": ""OFF_LABEL_USE"", ""display_relation"": ""off-label use""}]"
"How does cornual pregnancy relate to uterine disease and what implications does this have on the development of cervix disease, specifically hypertrophic elongation of the cervix?","Cornual pregnancy is a type of ectopic pregnancy that occurs in the uterine horn and can lead to complications such as uterine disease due to the abnormal location of the gestation. This abnormality can further affect the cervix, possibly resulting in conditions like hypertrophic elongation, which may arise from the altered mechanical stresses and hormonal influences during such pregnancies.",3,"[{""name"": ""pregnancy, cornual"", ""node_index"": 99863, ""type"": ""Disease""}, {""name"": ""uterine disease"", ""node_index"": 35683, ""type"": ""Disease""}, {""name"": ""cervix disease"", ""node_index"": 35837, ""type"": ""Disease""}, {""name"": ""hypertrophic elongation of cervix"", ""node_index"": 95866, ""type"": ""Disease""}]","[{""relation"": ""DISEASE_DISEASE"", ""display_relation"": ""parent-child""}, {""relation"": ""DISEASE_DISEASE"", ""display_relation"": ""parent-child""}, {""relation"": ""DISEASE_DISEASE"", ""display_relation"": ""parent-child""}]"
"How does benign familial nocturnal alternating hemiplegia of childhood relate to alternating hemiplegia, and what implications does this have for understanding genetic nervous system disorders?","Benign familial nocturnal alternating hemiplegia of childhood is a specific subtype of alternating hemiplegia, which is classified as a genetic nervous system disorder. This classification emphasizes the importance of genetic factors in the pathophysiology of hemiplegic conditions and aids in differential diagnosis, guiding clinicians to consider hereditary patterns and potential genetic testing in affected patients.",3,"[{""name"": ""benign familial nocturnal alternating hemiplegia of childhood"", ""node_index"": 98080, ""type"": ""Disease""}, {""name"": ""alternating hemiplegia"", ""node_index"": 39246, ""type"": ""Disease""}, {""name"": ""genetic nervous system disorder"", ""node_index"": 35464, ""type"": ""Disease""}, {""name"": ""Dandy-Walker malformation-postaxial polydactyly syndrome"", ""node_index"": 30740, ""type"": ""Disease""}]","[{""relation"": ""DISEASE_DISEASE"", ""display_relation"": ""parent-child""}, {""relation"": ""DISEASE_DISEASE"", ""display_relation"": ""parent-child""}, {""relation"": ""DISEASE_DISEASE"", ""display_relation"": ""parent-child""}]"
"How does odontomatosis-aortae esophagus stenosis syndrome relate to malformation syndromes with odontal components, and what implications does this have for the diagnosis of odontomicronychial dysplasia?","Odontomatosis-aortae esophagus stenosis syndrome is classified as a malformation syndrome with odontal components, indicating that it shares genetic and phenotypic features with other syndromic conditions. This relationship suggests that patients with odontomatosis may exhibit overlapping clinical features with odontomicronychial dysplasia, which is characterized by nail anomalies, thereby necessitating a comprehensive evaluation for associated dental and nail abnormalities during diagnosis.",3,"[{""name"": ""odontomatosis-aortae esophagus stenosis syndrome"", ""node_index"": 30421, ""type"": ""Disease""}, {""name"": ""malformation syndrome with odontal and/or periodontal component"", ""node_index"": 35513, ""type"": ""Disease""}, {""name"": ""odontomicronychial dysplasia"", ""node_index"": 29495, ""type"": ""Disease""}, {""name"": ""syndromic nail anomaly"", ""node_index"": 38149, ""type"": ""Disease""}]","[{""relation"": ""DISEASE_DISEASE"", ""display_relation"": ""parent-child""}, {""relation"": ""DISEASE_DISEASE"", ""display_relation"": ""parent-child""}, {""relation"": ""DISEASE_DISEASE"", ""display_relation"": ""parent-child""}]"
"In treating a patient with a common cold, what pharmacological rationale might support the use of Tetryzoline, and how does its mechanism relate to the use of Tramazoline in managing vasomotor rhinitis symptoms?","Tetryzoline is used as a topical decongestant to alleviate nasal congestion associated with the common cold by vasoconstricting nasal blood vessels. Similarly, Tramazoline also acts as a decongestant, specifically targeting symptoms of vasomotor rhinitis by reducing nasal mucosal swelling through its vasoconstrictive properties. Both drugs leverage similar mechanisms to provide symptomatic relief in their respective indications.",3,"[{""name"": ""Tetryzoline"", ""node_index"": 17341, ""type"": ""Drug""}, {""name"": ""common cold"", ""node_index"": 83897, ""type"": ""Disease""}, {""name"": ""Tramazoline"", ""node_index"": 20326, ""type"": ""Drug""}, {""name"": ""vasomotor rhinitis"", ""node_index"": 83791, ""type"": ""Disease""}]","[{""relation"": ""INDICATION"", ""display_relation"": ""indication""}, {""relation"": ""INDICATION"", ""display_relation"": ""indication""}, {""relation"": ""INDICATION"", ""display_relation"": ""indication""}]"
"How does acrorenal syndrome, an autosomal recessive condition, relate to genetic multiple congenital anomalies/dysmorphic syndrome without intellectual disability, and what implications does this have for genetic counseling?","Acrorenal syndrome is classified as a genetic condition that can lead to multiple congenital anomalies, including renal and limb abnormalities, aligning it with the broader category of genetic multiple congenital anomalies/dysmorphic syndrome without intellectual disability. Understanding this relationship is crucial for genetic counseling, as it highlights the need to assess for other associated anomalies and informs reproductive risks for families.",3,"[{""name"": ""acrorenal syndrome, autosomal recessive"", ""node_index"": 31027, ""type"": ""Disease""}, {""name"": ""acrorenal syndrome"", ""node_index"": 29183, ""type"": ""Disease""}, {""name"": ""genetic multiple congenital anomalies/dysmorphic syndrome without intellectual disability"", ""node_index"": 36671, ""type"": ""Disease""}, {""name"": ""Cyprus facial-neuromusculoskeletal syndrome"", ""node_index"": 97591, ""type"": ""Disease""}]","[{""relation"": ""DISEASE_DISEASE"", ""display_relation"": ""parent-child""}, {""relation"": ""DISEASE_DISEASE"", ""display_relation"": ""parent-child""}, {""relation"": ""DISEASE_DISEASE"", ""display_relation"": ""parent-child""}]"
How does the classification of bulbomembranous urethral cancer as a subtype of male urethral cancer influence its differential diagnosis compared to prostatic urethral cancer and prostatic urethra urothelial carcinoma?,"Bulbomembranous urethral cancer, as a subtype of male urethral cancer, is typically associated with distinct clinical presentations and risk factors that differ from prostatic urethral cancer and prostatic urethra urothelial carcinoma. Understanding these differences is crucial for accurate diagnosis, as symptoms may overlap but the underlying pathophysiology and treatment approaches vary significantly.",3,"[{""name"": ""bulbomembranous urethral cancer"", ""node_index"": 96830, ""type"": ""Disease""}, {""name"": ""male urethral cancer"", ""node_index"": 37251, ""type"": ""Disease""}, {""name"": ""prostatic urethral cancer"", ""node_index"": 37248, ""type"": ""Disease""}, {""name"": ""prostatic urethra urothelial carcinoma"", ""node_index"": 96394, ""type"": ""Disease""}]","[{""relation"": ""DISEASE_DISEASE"", ""display_relation"": ""parent-child""}, {""relation"": ""DISEASE_DISEASE"", ""display_relation"": ""parent-child""}, {""relation"": ""DISEASE_DISEASE"", ""display_relation"": ""parent-child""}]"
"How might the presence of ectodermal dysplasia and sensorineural hearing loss in a patient suggest a potential underlying Mendelian disease, and what is the significance of identifying adenosine triphosphatase deficiency in relation to nonspherocytic hemolytic anemia?","The combination of ectodermal dysplasia and sensorineural hearing loss may indicate a genetic syndrome that includes features of a Mendelian disease, suggesting a hereditary condition. Identifying adenosine triphosphatase deficiency is crucial, as this enzymatic deficiency can lead to nonspherocytic hemolytic anemia due to impaired red blood cell metabolism, highlighting the need for comprehensive genetic evaluation in affected individuals.",3,"[{""name"": ""ectodermal dysplasia, sensorineural hearing loss, and distinctive facial features"", ""node_index"": 30764, ""type"": ""Disease""}, {""name"": ""Mendelian disease"", ""node_index"": 35432, ""type"": ""Disease""}, {""name"": ""adenosine triphosphatase deficiency, anemia due to"", ""node_index"": 29781, ""type"": ""Disease""}, {""name"": ""Nonspherocytic hemolytic anemia"", ""node_index"": 85007, ""type"": ""EffectPhenotype""}]","[{""relation"": ""DISEASE_DISEASE"", ""display_relation"": ""parent-child""}, {""relation"": ""DISEASE_DISEASE"", ""display_relation"": ""parent-child""}, {""relation"": ""DISEASE_PHENOTYPE_POSITIVE"", ""display_relation"": ""phenotype present""}]"
"In a patient with juvenile pilocytic astrocytoma who has not responded to standard treatments, what is the rationale for considering off-label use of procarbazine, and how might this relate to the treatment of primary cutaneous diffuse large B-cell lymphoma, Leg type, with epirubicin?","Procarbazine may be considered for juvenile pilocytic astrocytoma due to its ability to target rapidly dividing cells, as it is used in some off-label settings for tumors. Furthermore, the mechanism of action of procarbazine in inhibiting DNA synthesis may provide a rationale for its off-label use in different malignancies, such as primary cutaneous diffuse large B-cell lymphoma, where epirubicin is employed to achieve similar cytotoxic effects.",3,"[{""name"": ""juvenile pilocytic astrocytoma"", ""node_index"": 36988, ""type"": ""Disease""}, {""name"": ""Procarbazine"", ""node_index"": 14914, ""type"": ""Drug""}, {""name"": ""primary cutaneous diffuse large B-cell lymphoma, Leg type"", ""node_index"": 84154, ""type"": ""Disease""}, {""name"": ""Epirubicin"", ""node_index"": 14719, ""type"": ""Drug""}]","[{""relation"": ""OFF_LABEL_USE"", ""display_relation"": ""off-label use""}, {""relation"": ""OFF_LABEL_USE"", ""display_relation"": ""off-label use""}, {""relation"": ""OFF_LABEL_USE"", ""display_relation"": ""off-label use""}]"
How do mutations in the ACO2 gene contribute to the pathophysiology of infantile cerebellar-retinal degeneration through metabolic dysregulation?,"Mutations in the ACO2 gene disrupt the normal function of the aconitase enzyme in the citric acid cycle, leading to impaired mitochondrial energy production and accumulation of toxic metabolites, which can result in neurodegeneration and retinal dysfunction characteristic of infantile cerebellar-retinal degeneration.",3,"[{""name"": ""infantile cerebellar-retinal degeneration"", ""node_index"": 28784, ""type"": ""Disease""}, {""name"": ""ACO2"", ""node_index"": 11461, ""type"": ""GeneProtein""}, {""name"": ""Citric acid cycle (TCA cycle)"", ""node_index"": 128919, ""type"": ""Pathway""}, {""name"": ""Pyruvate metabolism and Citric Acid (TCA) cycle"", ""node_index"": 62881, ""type"": ""Pathway""}]","[{""relation"": ""DISEASE_PROTEIN"", ""display_relation"": ""associated with""}, {""relation"": ""PATHWAY_PROTEIN"", ""display_relation"": ""interacts with""}, {""relation"": ""PATHWAY_PATHWAY"", ""display_relation"": ""parent-child""}]"
How does the inhibition of UROD by elevated levels of Coproporphyrinogen III affect heme biosynthesis and lead to porphyria symptoms?,"Inhibition of UROD by elevated Coproporphyrinogen III disrupts the heme biosynthesis pathway, leading to an accumulation of porphyrins and their precursors, which can cause symptoms such as photosensitivity and abdominal pain characteristic of porphyria.",3,"[{""name"": ""Coproporphyrinogen III"", ""node_index"": 18967, ""type"": ""Drug""}, {""name"": ""UROD"", ""node_index"": 7626, ""type"": ""GeneProtein""}, {""name"": ""Heme biosynthesis"", ""node_index"": 127980, ""type"": ""Pathway""}, {""name"": ""Metabolism of porphyrins"", ""node_index"": 62531, ""type"": ""Pathway""}]","[{""relation"": ""DRUG_PROTEIN"", ""display_relation"": ""target""}, {""relation"": ""PATHWAY_PROTEIN"", ""display_relation"": ""interacts with""}, {""relation"": ""PATHWAY_PATHWAY"", ""display_relation"": ""parent-child""}]"
"How might Tolvaptan be used in a patient with polycystic kidney disease who develops nephrogenic syndrome of inappropriate antidiuresis, and what is the underlying pharmacological rationale for its use in this context?","Tolvaptan, a vasopressin V2 receptor antagonist, can be prescribed to manage fluid overload in patients with polycystic kidney disease who also present with nephrogenic syndrome of inappropriate antidiuresis. By inhibiting the action of vasopressin, Tolvaptan promotes free water excretion, thereby alleviating the symptoms of fluid retention associated with inappropriate antidiuretic hormone secretion.",3,"[{""name"": ""polycystic kidney disease 6 with or without polycystic liver disease"", ""node_index"": 29544, ""type"": ""Disease""}, {""name"": ""polycystic kidney disease"", ""node_index"": 28262, ""type"": ""Disease""}, {""name"": ""Tolvaptan"", ""node_index"": 15558, ""type"": ""Drug""}, {""name"": ""nephrogenic syndrome of inappropriate antidiuresis"", ""node_index"": 28456, ""type"": ""Disease""}]","[{""relation"": ""DISEASE_DISEASE"", ""display_relation"": ""parent-child""}, {""relation"": ""INDICATION"", ""display_relation"": ""indication""}, {""relation"": ""INDICATION"", ""display_relation"": ""indication""}]"
"How do mutations in the GDNF gene contribute to the pathophysiology of Mowat-Wilson syndrome, particularly in relation to the observed phenotypes of intellectual disability and microcephaly?","Mutations in the GDNF gene affect the survival and differentiation of dopaminergic neurons, which can lead to neurodevelopmental abnormalities such as intellectual disability and microcephaly, characteristic of Mowat-Wilson syndrome.",3,"[{""name"": ""intellectual disability-microcephaly-phalangeal-facial abnormalities syndrome"", ""node_index"": 98351, ""type"": ""Disease""}, {""name"": ""syndromic intellectual disability"", ""node_index"": 35445, ""type"": ""Disease""}, {""name"": ""Mowat-Wilson syndrome"", ""node_index"": 28610, ""type"": ""Disease""}, {""name"": ""GDNF"", ""node_index"": 1012, ""type"": ""GeneProtein""}]","[{""relation"": ""DISEASE_DISEASE"", ""display_relation"": ""parent-child""}, {""relation"": ""DISEASE_DISEASE"", ""display_relation"": ""parent-child""}, {""relation"": ""DISEASE_PROTEIN"", ""display_relation"": ""associated with""}]"
"How might a clinician justify the off-label use of Clindamycin in treating avian malaria in birds, considering its relationship with other forms of malaria?","Clindamycin may be considered for avian malaria due to its effectiveness against protozoal infections, similar to its use in human malaria cases, where it is employed as an alternative treatment option. Its antibacterial properties can also help prevent secondary infections in birds suffering from malaria.",3,"[{""name"": ""bird disease"", ""node_index"": 39760, ""type"": ""Disease""}, {""name"": ""malaria, avian"", ""node_index"": 99599, ""type"": ""Disease""}, {""name"": ""malaria"", ""node_index"": 33128, ""type"": ""Disease""}, {""name"": ""Clindamycin"", ""node_index"": 14545, ""type"": ""Drug""}]","[{""relation"": ""DISEASE_DISEASE"", ""display_relation"": ""parent-child""}, {""relation"": ""DISEASE_DISEASE"", ""display_relation"": ""parent-child""}, {""relation"": ""OFF_LABEL_USE"", ""display_relation"": ""off-label use""}]"
"How are sphenoid sinus squamous cell carcinoma and ethmoid sinus cancer related in terms of their classification within paranasal sinus malignancies, and what implications does this have for treatment approaches?","Sphenoid sinus squamous cell carcinoma and ethmoid sinus cancer are both classified as types of paranasal sinus squamous cell carcinoma, indicating that they share similar histological features and potentially therapeutic approaches. Understanding their classification helps in determining the extent of surgical intervention needed, as tumors in these adjacent sinus regions may require comprehensive management strategies to ensure complete resection and minimize recurrence.",3,"[{""name"": ""sphenoid sinus squamous cell carcinoma"", ""node_index"": 95798, ""type"": ""Disease""}, {""name"": ""paranasal sinus squamous cell carcinoma"", ""node_index"": 36466, ""type"": ""Disease""}, {""name"": ""ethmoid sinus squamous cell carcinoma"", ""node_index"": 95898, ""type"": ""Disease""}, {""name"": ""ethmoid sinus cancer"", ""node_index"": 36651, ""type"": ""Disease""}]","[{""relation"": ""DISEASE_DISEASE"", ""display_relation"": ""parent-child""}, {""relation"": ""DISEASE_DISEASE"", ""display_relation"": ""parent-child""}, {""relation"": ""DISEASE_DISEASE"", ""display_relation"": ""parent-child""}]"
"How does the metabolism of Dolasetron, primarily through CYP3A4, influence its pharmacokinetics and potential drug interactions in patients undergoing treatment for nausea?","Dolasetron is metabolized by CYP3A4, which is involved in the detoxification of xenobiotics. Variability in CYP3A4 activity due to genetic polymorphisms or drug interactions can lead to altered plasma levels of Dolasetron, potentially affecting its efficacy and increasing the risk of adverse effects.",3,"[{""name"": ""Dolasetron"", ""node_index"": 15120, ""type"": ""Drug""}, {""name"": ""CYP3A4"", ""node_index"": 8974, ""type"": ""GeneProtein""}, {""name"": ""Xenobiotics"", ""node_index"": 62589, ""type"": ""Pathway""}, {""name"": ""ARNT"", ""node_index"": 4748, ""type"": ""GeneProtein""}]","[{""relation"": ""DRUG_PROTEIN"", ""display_relation"": ""enzyme""}, {""relation"": ""PATHWAY_PROTEIN"", ""display_relation"": ""interacts with""}, {""relation"": ""PATHWAY_PROTEIN"", ""display_relation"": ""interacts with""}]"
